exp_diff,exp_time,diffbyt,thisN,thisTrialN,thisRepN,slider.response,slider.rt,key_resp.keys,key_resp.rt,key_resp.duration,trials.thisRepN,trials.thisTrialN,trials.thisN,trials.thisIndex,experimental_trials.thisRepN,experimental_trials.thisTrialN,experimental_trials.thisN,experimental_trials.thisIndex,trials_3.thisRepN,trials_3.thisTrialN,trials_3.thisN,trials_3.thisIndex,thisRow.t,notes,fixation.started,fix.started,fixation.stopped,sum_routine1.started,prog.started,redbar.started,yellowbar.started,greenbar.started,targarrow.started,userArrow.started,yourperfexp.started,tarlabexp.started,textbox.started,slider.started,key_resp.started,norm_arrow.started,sum_routine1.stopped,streak.count,time,time.coef,total.cor,trial.count,trial.outcome,trials_3.slider.response,trials_3.slider.rt,trials_3.key_resp.keys,trials_3.key_resp.rt,trials_3.key_resp.duration,feedback.started,feedback_practice_1.started,feedback.stopped,fix.stopped,feedback_practice_1.stopped,prog.stopped,redbar.stopped,yellowbar.stopped,greenbar.stopped,targarrow.stopped,userArrow.stopped,yourperfexp.stopped,tarlabexp.stopped,textbox.stopped,slider.stopped,key_resp.stopped,norm_arrow.stopped,participant,session,date,expName,expVersion,psychopyVersion,frameRate,expStart,
med1,120,5.0,0,0,0,None,None,6,6.541698458007886,None,,,,,0,0,0,2,0,0,0,0,0.02117095800349489,,0.01604712499829475,0.02117095800349489,0.5051449580059852,0.5223058330011554,0.5487947080109734,0.5487947080109734,0.5487947080109734,0.5487947080109734,0.5487947080109734,0.5487947080109734,0.5487947080109734,0.5487947080109734,0.5487947080109734,0.5487947080109734,0.5487947080109734,0.5487947080109734,7.207736791999196,0,0.9,0.9,0,0,Correct!,None,None,6,6.541698458007886,None,7.2120053749968065,7.221710833007819,8.208649708001758,,,,,,,,,,,,,,,pilot,001,2026-02-04_13h40.42.893,misty_module,,2025.2.4,None,2026-02-04 13h40.43.500094 +0000,
med1,120,5.0,1,0,1,None,None,0,7.694586415993399,None,,,,,0,0,0,2,1,0,1,0,8.217696542007616,,8.208814458004781,8.217696542007616,8.70295829200768,8.713764792002621,8.730878000002122,8.730878000002122,8.730878000002122,8.730878000002122,8.730878000002122,8.730878000002122,8.730878000002122,8.730878000002122,8.730878000002122,8.730878000002122,8.730878000002122,8.730878000002122,16.42712362500606,1,0.9,0.9,1,1,Incorrect!,None,None,0,7.694586415993399,None,16.429744875000324,16.434038833001978,17.418955458007986,8.730878000002122,17.42288962499879,,,,,,,,,,,,,pilot,001,2026-02-04_13h40.42.893,misty_module,,2025.2.4,None,2026-02-04 13h40.43.500094 +0000,
med1,120,5.0,2,0,2,None,None,None,,,,,,,0,0,0,2,2,0,2,0,17.42288962499879,,17.419110917006037,17.42288962499879,17.908538042000146,17.911897333004163,17.938569250007276,17.938569250007276,17.938569250007276,17.938569250007276,17.938569250007276,17.938569250007276,17.938569250007276,17.938569250007276,17.938569250007276,17.938569250007276,17.938569250007276,17.938569250007276,27.917813624997507,-1,0.9,0.9,1,2,Time-Out!,None,None,None,,,27.921701291998033,27.925136874997406,28.91900620800152,17.916962917006458,,,,,,,,,,,,,,pilot,001,2026-02-04_13h40.42.893,misty_module,,2025.2.4,None,2026-02-04 13h40.43.500094 +0000,
med1,120,5.0,3,0,3,None,None,4,5.731819791006274,None,,,,,0,0,0,2,3,0,3,0,28.923234166999464,,28.91915595800674,28.923234166999464,29.421086000002106,29.430286750008236,29.44837241699861,29.44837241699861,29.44837241699861,29.44837241699861,29.44837241699861,29.44837241699861,29.44837241699861,29.44837241699861,29.44837241699861,29.44837241699861,29.44837241699861,29.44837241699861,35.187263250001706,-2,0.9,0.9,1,3,Correct!,None,None,4,5.731819791006274,None,35.18745958300133,35.20001775000128,36.18547408300219,,36.1896621670021,,,,,,,,,,,,,pilot,001,2026-02-04_13h40.42.893,misty_module,,2025.2.4,None,2026-02-04 13h40.43.500094 +0000,
med1,120,5.0,4,0,4,None,None,5,7.652390582996304,None,,,,,0,0,0,2,4,0,4,0,36.1896621670021,,36.18562525000016,36.1896621670021,36.678358582998044,36.68189050001092,36.70171029200719,36.70171029200719,36.70171029200719,36.70171029200719,36.70171029200719,36.70171029200719,36.70171029200719,36.70171029200719,36.70171029200719,36.70171029200719,36.70171029200719,36.70171029200719,44.367875042007654,-1,0.9,0.9,2,4,Correct!,None,None,5,7.652390582996304,None,44.3680711670022,44.37174841700471,45.35905216699757,36.70171029200719,45.36708275000274,,,,,,,,,,,,,pilot,001,2026-02-04_13h40.42.893,misty_module,,2025.2.4,None,2026-02-04 13h40.43.500094 +0000,
med1,120,5.0,5,0,5,None,None,4,7.724486040999182,None,,,,,0,0,0,2,5,0,5,0,45.36708275000274,,45.359224583007745,45.36708275000274,45.8523781249969,45.85573579200718,45.87581529200543,45.87581529200543,45.87581529200543,45.87581529200543,45.87581529200543,45.87581529200543,45.87581529200543,45.87581529200543,45.87581529200543,45.87581529200543,45.87581529200543,45.87581529200543,53.60349108300579,0,0.9,0.9,3,5,Correct!,None,None,4,7.724486040999182,None,53.60369845799869,53.61649395800487,54.601829917010036,45.87581529200543,54.60587949999899,,,,,,,,,,,,,pilot,001,2026-02-04_13h40.42.893,misty_module,,2025.2.4,None,2026-02-04 13h40.43.500094 +0000,
med1,120,5.0,6,0,6,None,None,7,8.490693457002635,None,,,,,0,0,0,2,6,0,6,0,54.60587949999899,,54.6019887500006,54.60587949999899,55.09112825000193,55.100062458004686,55.11743233300513,55.11743233300513,55.11743233300513,55.11743233300513,55.11743233300513,55.11743233300513,55.11743233300513,55.11743233300513,55.11743233300513,55.11743233300513,55.11743233300513,55.11743233300513,63.61710220800887,1,0.9,0.9,4,6,Incorrect!,None,None,7,8.490693457002635,None,63.617313875001855,63.620939708009246,64.60833870799979,55.11743233300513,64.61677137500374,,,,,,,,,,,,,pilot,001,2026-02-04_13h40.42.893,misty_module,,2025.2.4,None,2026-02-04 13h40.43.500094 +0000,
med1,120,5.0,7,0,7,None,None,None,,,,,,,0,0,0,2,7,0,7,0,64.61677137500374,,64.60849112500728,64.61677137500374,65.10209137501079,65.1050370830053,65.12382283300394,65.12382283300394,65.12382283300394,65.12382283300394,65.12382283300394,65.12382283300394,65.12382283300394,65.12382283300394,65.12382283300394,65.12382283300394,65.12382283300394,65.12382283300394,75.10963741700107,-1,0.9,0.9,4,7,Time-Out!,None,None,None,,,75.10982733299898,75.11599458300043,76.10152070800541,65.12382283300394,76.1055551669997,75.11599458300043,75.11599458300043,75.11599458300043,75.11599458300043,75.11599458300043,75.11599458300043,75.11599458300043,75.11599458300043,75.11599458300043,75.11599458300043,75.11599458300043,75.11599458300043,pilot,001,2026-02-04_13h40.42.893,misty_module,,2025.2.4,None,2026-02-04 13h40.43.500094 +0000,
,,,8,0,8,,,,,,,,,,,,,,8,0,8,0,76.1055551669997,,76.1016494580108,76.1055551669997,76.59095441699901,76.59416120800597,76.62056658300571,76.62056658300571,76.62056658300571,76.62056658300571,76.62056658300571,76.62056658300571,76.62056658300571,76.62056658300571,76.62056658300571,76.62056658300571,76.62056658300571,76.62056658300571,,,,,,,,,,,,,,,,76.5995261670032,,,,,,,,,,,,,,,,,,,,,,
